alerting|my|GET|/alerting/my
alerting|my|POST|/alerting/my
alerting|sub|GET|/alerting/sub
alerting|unsub|GET|/alerting/unsub
adm|index|GET|/adm
adm|groupesIndex|GET|/adm/groupes
adm|groupesShow|GET|/adm/groupes/:id
adm|membresIndex|GET|/adm/membres
adm|membresIndex|GET|/adm/membres/ajax-search
adm|membresShow|GET|/adm/membres/:id
adm|membresDelete|GET|/adm/membres/delete/:id
adm|membresDelete|POST|/adm/membres/delete
adm|groupeDeStyle|GET|/adm/groupe-de-style
adm|groupeDeStyle_id|GET|/adm/groupe-de-style/:id
adm|groupeDeStyle|POST|/adm/groupe-de-style
adm|logAction|GET|/adm/log-action
adm|appartientA|GET|/adm/appartient-a
adm|appartientA|POST|/adm/appartient-a
adm_newsletter|index|GET|/adm/newsletter
adm_newsletter|create|GET|/adm/newsletter/create
adm_newsletter|create|POST|/adm/newsletter/create
adm_newsletter|edit|GET|/adm/newsletter/edit/:id
adm_newsletter|edit|POST|/adm/newsletter/edit
adm_newsletter|upload|POST|/adm/newsletter/upload
adm_featured|index|GET|/adm/featured
adm_featured|create|GET|/adm/featured/create
adm_featured|create|POST|/adm/featured/create
adm_featured|edit|GET|/adm/featured/edit/:id
adm_featured|edit|POST|/adm/featured/edit
adm_featured|delete|GET|/adm/featured/delete/:id
adm_featured|delete|POST|/adm/featured/delete
adm_forums|index|GET|/adm/forums
adm_forums|forum|GET|/adm/forums/forum/:id_forum
adm_forums|thread|GET|/adm/forums/thread/:id_thread
adm_forums|write|GET|/adm/forums/write
adm_forums|write|POST|/adm/forums/write
adm_faq|index|GET|/adm/faq
adm_faq|create|GET|/adm/faq/create
adm_faq|create|POST|/adm/faq/create
adm_faq|edit|GET|/adm/faq/edit/:id
adm_faq|edit|POST|/adm/faq/edit
adm_faq|delete|GET|/adm/faq/delete/:id
adm_faq|delete|POST|/adm/faq/delete
adm_cms|index|GET|/adm/cms
adm_cms|create|GET|/adm/cms/create
adm_cms|create|POST|/adm/cms/create
adm_cms|edit|GET|/adm/cms/edit/:id
adm_cms|edit|POST|/adm/cms/edit
adm_cms|delete|GET|/adm/cms/delete/:id
adm_cms|delete|POST|/adm/cms/delete
adm_audios|index|GET|/adm/audios
adm_photos|index|GET|/adm/photos
adm_videos|index|GET|/adm/videos
adm_subscriptions|index|GET|/adm/subscriptions
adm_subscriptions|create|GET|/adm/subscriptions/create
adm_subscriptions|create|POST|/adm/subscriptions/create
adm_subscriptions|edit|GET|/adm/subscriptions/edit:id
adm_subscriptions|edit|POST|/adm/subscriptions/edit
adm_subscriptions|delete|GET|/adm/subscriptions/delete:id
adm_subscriptions|delete|POST|/adm/subscriptions/delete
adm_subscriptions|apiList|GET|/api/subscriptions/list
adm_subscriptions|apiCreate|POST|/api/subscriptions/create
adm_subscriptions|apiEdit|POST|/api/subscriptions/edit/:id
adm_subscriptions|apiDelete|POST|/api/subscriptions/delete/:id
assoce|assoce|GET|/assoce
assoce|concerts|GET|/concerts
assoce|afterworks|GET|/afterworks
assoce|afterworksInscription|GET|/afterworks/inscription
assoce|afterworksInscription|POST|/afterworks/inscription
assoce|festival|GET|/festival
assoce|equipe|GET|/equipe
audios|my|GET|/audios/my
audios|create|GET|/audios/create
audios|create|POST|/audios/create
audios|edit|GET|/audios/edit/:id
audios|edit|POST|/audios/edit
audios|delete|GET|/audios/delete/:id
audios|delete|POST|/audios/delete
audios|show|GET|/audios/:id
auth|auth|GET|/auth/auth
auth|login|GET|/auth/login
auth|login|POST|/auth/login
auth|logout|GET|/auth/logout
auth|changePassword|GET|/auth/change-password
auth|changePassword|POST|/auth/change-password
auth|lostPassword|GET|/auth/lost-password
auth|lostPassword|POST|/auth/lost-password
auth|checkEmail|GET|/auth/check-email
auth|checkPseudo|GET|/auth/check-pseudo
comments|fetch|GET|/comments/fetch/:type/:id_content
comments|create|POST|/comments/create
comments|delete|GET|/comments/delete/:id
comments|delete|POST|/comments/delete
comments|show|GET|/comments/:id
comments|index|GET|/comments
comments|ajax_delete|POST|/comments/ajax-delete
emails|formContactCc|GET|/emails/form-contact-cc
emails|formContactTo|GET|/emails/form-contact-to
emails|forumPriveNewMessage|GET|/emails/forum-prive-new-message
emails|memberCreate|GET|/emails/member-create
emails|messageReceived|GET|/emails/message-received
emails|passwordChanged|GET|/emails/password-changed
emails|passwordLost|GET|/emails/password-lost
emails|newComment|GET|/emails/new-comment
emails|logAction|GET|/emails/log-action
events|index|GET|/events
events|create|GET|/events/create
events|create|POST|/events/create
events|edit|GET|/events/edit/:id
events|edit|POST|/events/edit
events|delete|GET|/events/delete/:id
events|delete|POST|/events/delete
events|getEventsByLieu|GET|/events/get-events-by-lieu
events|ical|GET|/events/ical/:id
events|show|GET|/events/:id
geo|countries|GET|/geo/countries
geo|regions|GET|/geo/regions/:id_country
geo|departements|GET|/geo/departements
geo|departements|GET|/geo/departements/:id_region
geo|cities|GET|/geo/cities
geo|lieux|GET|/geo/lieux
groupes|index|GET|/groupes
groupes|my|GET|/groupes/my
groupes|create|GET|/groupes/create
groupes|create|POST|/groupes/create
groupes|edit|GET|/groupes/edit/:id
groupes|edit|POST|/groupes/edit
groupes|delete|GET|/groupes/delete/:id
groupes|delete|POST|/groupes/delete
groupes|show|GET|/groupes/:id
groupes|apiGroupes|GET|/api/groupes
index|index|GET|/
index|partners|GET|/partners
index|contact|GET|/contact
index|contact|POST|/contact
index|sitemap|GET|/sitemap
index|map|GET|/map
index|credits|GET|/credits
index|mentionsLegales|GET|/mentions-legales
index|cms|GET|/cms/:id
index|r|GET|/r/:url
index|onair|GET|/onair
lieux|index|GET|/lieux
lieux|my|GET|/lieux/my
lieux|create|GET|/lieux/create
lieux|create|POST|/lieux/create
lieux|edit|GET|/lieux/edit/:id
lieux|edit|POST|/lieux/edit
lieux|delete|GET|/lieux/delete/:id
lieux|delete|POST|/lieux/delete
lieux|geocode|GET|/lieux/geocode
lieux|fetch|GET|/lieux/fetch
lieux|show|GET|/lieux/:id
medias|index|GET|/medias
medias|searchResults|GET|/medias/search-results
membres|tableauDeBord|GET|/membres/tableau-de-bord
membres|create|GET|/membres/create
membres|create|POST|/membres/create
membres|edit|GET|/membres/edit
membres|edit|POST|/membres/edit
membres|delete|GET|/membres/delete
membres|delete|POST|/membres/delete
membres|autocompletePseudo|GET|/membres/autocomplete-pseudo
membres|show|GET|/membres/:id
messagerie|index|GET|/messagerie
messagerie|read|GET|/messagerie/read/:id
messagerie|write|GET|/messagerie/write
messagerie|write|POST|/messagerie/write
messagerie|delete|POST|/messagerie/delete
newsletters|subscriptions|GET|/newsletters/subscriptions
newsletters|subscriptions|POST|/newsletters/subscriptions
newsletters|show|GET|/newsletters/:id
newsletters|index|GET|/newsletters
photos|my|GET|/photos/my
photos|create|GET|/photos/create
photos|create|POST|/photos/create
photos|edit|GET|/photos/edit/:id
photos|edit|POST|/photos/edit
photos|delete|GET|/photos/delete/:id
photos|delete|POST|/photos/delete
photos|show|GET|/photos/:id
structures|index|GET|/structures
structures|create|GET|/structures/create
structures|create|POST|/structures/create
structures|edit|GET|/structures/edit/:id
structures|edit|POST|/structures/edit
structures|delete|GET|/structures/delete/:id
structures|delete|POST|/structures/delete
structures|show|GET|/structures/:id
videos|embed|GET|/videos/embed/:id
videos|my|GET|/videos/my
videos|create|GET|/videos/create
videos|create|POST|/videos/create
videos|edit|GET|/videos/edit/:id
videos|edit|POST|/videos/edit
videos|delete|GET|/videos/delete/:id
videos|delete|POST|/videos/delete
videos|getMeta|GET|/videos/get-meta
videos|show|GET|/videos/:id
